bgc_name	genome_name	score
GX_BH_contig_13436386.region001	GX_BH_bin_10	7.364605852668604
GX_BH_contig_20069125.region001	GX_BH_bin_10	7.364605852668604
GX_BH_contig_33316885.region002	GX_BH_bin_33	6.932773777300052
GX_BH_contig_20167490.region002	GX_BH_bin_33	6.932773777300052
GX_BH_contig_33316885.region001	GX_BH_bin_33	6.932773777300052
GX_BH_contig_17258045.region001	GX_BH_bin_33	6.932773777300052
GX_BH_contig_28949178.region001	GX_BH_bin_33	6.932773739871933
ZJ_WZ_contig_5944164.region001	ZJ_WZ_bin_17	6.7079591934735525
ZJ_WZ_contig_19701855.region001	ZJ_WZ_bin_17	6.7079591934735525
ZJ_WZ_contig_2258288.region001	ZJ_WZ_bin_17	6.707959156045435
ZJ_WZ_contig_26813723.region001	ZJ_WZ_bin_17	6.707959140542199
JS_YC_contig_6510465.region001	JS_YC_bin_143	6.410925058514157
JS_YC_contig_10194482.region001	JS_YC_bin_143	6.410925058514157
JS_YC_contig_16118866.region001	JS_YC_bin_143	6.410925058514157
GX_BH_contig_20167490.region001	GX_BH_bin_33	6.213052587912238
GD_ST_contig_6145992.region001	GD_ST_bin_135	6.105150469781683
JS_YC_contig_9600639.region001	JS_YC_bin_193	5.878494760874501
LN_DD_contig_12436789.region001	LN_DD_bin_109	5.866581712950454
LN_DD_contig_11412531.region001	LN_DD_bin_109	5.866581712950454
LN_DD_contig_20558711.region001	LN_DD_bin_109	5.866581660019101
ZJ_NB_contig_4036110.region001	ZJ_NB_bin_135	5.854498224430675
ZJ_NB_contig_5290923.region001	ZJ_NB_bin_135	5.854498224430675
ZJ_NB_contig_10371558.region001	ZJ_NB_bin_135	5.854498224430675
ZJ_NB_contig_22832207.region001	ZJ_NB_bin_135	5.854498224430675
GD_ZH_contig_4614422.region001	GD_ZH_bin_239	5.840723913033124
HN_SY_contig_20471158.region001	HN_SY_bin_121	5.827818221152179
HN_SY_contig_17845991.region001	HN_SY_bin_121	5.827818221152179
SD_DY_contig_11889987.region001	SD_DY_bin_514	5.8177897276014106
SD_DY_contig_8331705.region001	SD_DY_bin_514	5.8177897276014106
SD_DY_contig_18530652.region001	SD_DY_bin_514	5.8177897276014106
SD_DY_contig_2357354.region001	SD_DY_bin_514	5.817789690173292
ZJ_NB_contig_543294.region001	ZJ_NB_bin_20	5.796466043218994
ZJ_NB_contig_6893327.region001	ZJ_NB_bin_20	5.796466043218994
ZJ_NB_contig_10862988.region001	ZJ_NB_bin_20	5.796466043218994
ZJ_NB_contig_7145030.region001	ZJ_NB_bin_20	5.796466043218994
SD_QD_contig_1140820.region001	SD_QD_bin_32	5.756946159016867
SD_DY_contig_18055696.region001	SD_DY_bin_460	5.732160735330317
SD_DY_contig_1580874.region001	SD_DY_bin_460	5.732160735330317
SD_DY_contig_5353751.region001	SD_DY_bin_460	5.732160735330317
SD_DY_contig_25818256.region001	SD_DY_bin_460	5.732160735330317
SD_DY_contig_21769247.region002	SD_DY_bin_460	5.732160735330317
SD_DY_contig_6213267.region001	SD_DY_bin_291	5.719570389396667
SD_DY_contig_8787890.region001	SD_DY_bin_508	5.685566375579612
SD_DY_contig_8845631.region001	SD_DY_bin_508	5.685566375579612
SD_DY_contig_8151327.region001	SD_DY_bin_508	5.685566375579612
GD_ST_contig_6032448.region001	GD_ST_bin_3	5.681431053537443
GD_ST_contig_21330448.region001	GD_ST_bin_3	5.681431053537443
GD_ST_contig_15982840.region001	GD_ST_bin_3	5.681431053537443
GX_BH_contig_22412940.region001	GX_BH_bin_94	5.680083628484267
ZJ_WZ_contig_5071952.region001	ZJ_WZ_bin_99	5.676594025274954
ZJ_WZ_contig_5523397.region001	ZJ_WZ_bin_99	5.676594025274954
SD_DY_contig_2314354.region001	SD_DY_bin_327	5.653013812680186
SD_QD_contig_27933879.region002	SD_QD_bin_125	5.602245160178345
SD_QD_contig_10380044.region001	SD_QD_bin_125	5.602245160178345
JS_YC_contig_23240695.region001	JS_YC_bin_145	5.599626084384925
JS_YC_contig_5422315.region001	JS_YC_bin_145	5.599626046956805
SD_QD_contig_12638362.region001	SD_QD_bin_224	5.598995309639489
SD_QD_contig_12638362.region002	SD_QD_bin_224	5.598995309639489
SD_DY_contig_5387054.region001	SD_DY_bin_520	5.595051020997146
SD_DY_contig_8371887.region001	SD_DY_bin_520	5.595051020997146
GD_ZH_contig_21355347.region001	GD_ZH_bin_43	5.579282798351556
JS_YC_contig_18384098.region001	JS_YC_bin_130	5.576041828775719
JS_YC_contig_16058719.region001	JS_YC_bin_130	5.576041828775719
JS_YC_contig_16058719.region002	JS_YC_bin_130	5.576041828775719
JS_YC_contig_27825850.region001	JS_YC_bin_130	5.576041828775719
ZJ_WZ_contig_6199230.region001	ZJ_WZ_bin_60	5.55903318575507
ZJ_WZ_contig_18452205.region002	ZJ_WZ_bin_60	5.55903318575507
ZJ_WZ_contig_8928421.region001	ZJ_WZ_bin_60	5.55903318575507
ZJ_WZ_contig_18452205.region001	ZJ_WZ_bin_60	5.55903318575507
ZJ_WZ_contig_2231014.region001	ZJ_WZ_bin_60	5.559033132823717
SD_DY_contig_15429925.region001	SD_DY_bin_428	5.547470603773787
SD_DY_contig_24155755.region001	SD_DY_bin_347	5.524650090549232
SD_DY_contig_27995665.region001	SD_DY_bin_143	5.518139472682335
ZJ_NB_contig_5940340.region001	ZJ_NB_bin_175	5.506836926341593
ZJ_NB_contig_4556953.region001	ZJ_NB_bin_175	5.506836888913473
JS_YC_contig_26509841.region001	JS_YC_bin_143	5.497107459399053
LN_DD_contig_17408839.region001	LN_DD_bin_170	5.494994075092347
LN_DD_contig_25544868.region001	LN_DD_bin_170	5.494994075092347
LN_DD_contig_2192311.region001	LN_DD_bin_170	5.494994075092347
LN_DD_contig_22504336.region001	LN_DD_bin_170	5.494994022160993
SD_QD_contig_26051585.region001	SD_QD_bin_226	5.49327167452698
LN_DD_contig_392358.region001	LN_DD_bin_43	5.477710081061204
SD_QD_contig_1714841.region001	SD_QD_bin_233	5.476472853968662
HN_SY_contig_30633376.region001	HN_SY_bin_89	5.4704026627989775
SD_DY_contig_27579362.region001	SD_DY_bin_178	5.462037502404491
SD_DY_contig_24549765.region001	SD_DY_bin_178	5.462037502404491
ZJ_WZ_contig_19620708.region001	ZJ_WZ_bin_220	5.453437306727813
ZJ_WZ_contig_25242890.region001	ZJ_WZ_bin_220	5.453437306727813
ZJ_WZ_contig_12303620.region001	ZJ_WZ_bin_220	5.453437306727813
ZJ_WZ_contig_4461778.region001	ZJ_WZ_bin_196	5.435133271876943
ZJ_WZ_contig_16088462.region001	ZJ_WZ_bin_196	5.435133271876943
ZJ_WZ_contig_4461778.region002	ZJ_WZ_bin_196	5.435133271876943
ZJ_WZ_contig_6703974.region001	ZJ_WZ_bin_196	5.435133218945588
HN_SY_contig_6240856.region001	HN_SY_bin_220	5.418559565688694
SD_DY_contig_15443866.region001	SD_DY_bin_194	5.414481750909444
SD_DY_contig_2257385.region002	SD_DY_bin_194	5.414481750909444
ZJ_NB_contig_878734.region001	ZJ_NB_bin_121	5.388952817508025
ZJ_NB_contig_26179855.region001	ZJ_NB_bin_126	5.383490263238355
ZJ_NB_contig_14949570.region001	ZJ_NB_bin_126	5.3834902258102355
GD_ZH_contig_472991.region001	GD_ZH_bin_111	5.380989900939352
GD_ZH_contig_20047269.region001	GD_ZH_bin_111	5.380989900939352
GD_ZH_contig_15621398.region001	GD_ZH_bin_111	5.380989863511233
GD_ZH_contig_25558588.region001	GD_ZH_bin_111	5.380989863511233
LN_DD_contig_7332852.region001	LN_DD_bin_191	5.377116743015602
SD_DY_contig_5213305.region001	SD_DY_bin_304	5.369316715335983
SD_DY_contig_22986715.region001	SD_DY_bin_304	5.369316662404629
SD_DY_contig_9206545.region001	SD_DY_bin_142	5.362786877109305
SD_DY_contig_15864561.region001	SD_DY_bin_142	5.362786877109305
HN_SY_contig_1967976.region001	HN_SY_bin_164	5.362493417170432
GD_ZH_contig_21728907.region001	GD_ZH_bin_210	5.361874750987124
JS_YC_contig_10724583.region001	JS_YC_bin_60	5.357882386288922
JS_LYG_contig_2628360.region001	JS_LYG_bin_135	5.333236017684547
ZJ_WZ_contig_4168506.region001	ZJ_WZ_bin_108	5.327061800821335
ZJ_WZ_contig_3189721.region001	ZJ_WZ_bin_108	5.327061763393216
FJ_XM_contig_25903625.region001	FJ_XM_bin_71	5.317646205485634
HN_SY_contig_12459224.region001	HN_SY_bin_42	5.313713959931675
LN_DD_contig_1643.region001	LN_DD_bin_73	5.3022831730179565
LN_DD_contig_11544331.region001	LN_DD_bin_73	5.302283135589837
ZJ_WZ_contig_4117647.region001	ZJ_WZ_bin_204	5.3001370743716185
JS_YC_contig_16477379.region001	JS_YC_bin_136	5.29960023932544
SD_QD_contig_10339056.region002	SD_QD_bin_15	5.273701296842367
SD_DY_contig_3817580.region001	SD_DY_bin_267	5.271497853560996
GD_ZH_contig_15688152.region001	GD_ZH_bin_209	5.25503700579998
GX_BH_contig_12341959.region001	GX_BH_bin_101	5.249936637522329
GX_BH_contig_18343453.region001	GX_BH_bin_101	5.249936622019095
SD_DY_contig_27608406.region001	SD_DY_bin_300	5.2158960336796
JS_YC_contig_20679478.region001	JS_YC_bin_203	5.213992577736413
JS_YC_contig_10765259.region001	JS_YC_bin_203	5.213992540308293
JS_YC_contig_21296860.region001	JS_YC_bin_203	5.213992524805059
ZJ_WZ_contig_5699920.region002	ZJ_WZ_bin_165	5.209351821001526
ZJ_WZ_contig_9646821.region001	ZJ_WZ_bin_165	5.209351783573407
SD_DY_contig_22020953.region001	SD_DY_bin_322	5.208646571554645
SD_DY_contig_17932626.region001	SD_DY_bin_322	5.208646534126526
SD_DY_contig_8739154.region001	SD_DY_bin_322	5.208646518623292
GD_ST_contig_4723645.region001	GD_ST_bin_100	5.2069637775049635
HN_SY_contig_9553502.region001	HN_SY_bin_65	5.201517793715006
HN_SY_contig_15857317.region001	HN_SY_bin_157	5.201221335165369
JS_LYG_contig_12331029.region001	JS_LYG_bin_44	5.200043280535615
JS_LYG_contig_20606165.region001	JS_LYG_bin_44	5.200043280535615
GX_BH_contig_10221047.region001	GX_BH_bin_42	5.197042571131126
GX_BH_contig_2078608.region001	GX_BH_bin_42	5.197042571131126
GX_BH_contig_30114697.region001	GX_BH_bin_42	5.197042571131126
GD_ST_contig_18775541.region001	GD_ST_bin_148	5.190859906423212
SD_DY_contig_11036278.region001	SD_DY_bin_105	5.188596006900594
SD_QD_contig_16733670.region001	SD_QD_bin_143	5.1875659861481225
LN_DD_contig_16136461.region001	LN_DD_bin_187	5.176772113603693
ZJ_NB_contig_7472971.region001	ZJ_NB_bin_121	5.173571335948518
ZJ_NB_contig_15306841.region001	ZJ_NB_bin_6	5.173529776527463
ZJ_NB_contig_12399028.region001	ZJ_NB_bin_6	5.173529776527463
SD_DY_contig_17334431.region001	SD_DY_bin_318	5.16865117007052
SD_DY_contig_1499571.region001	SD_DY_bin_318	5.16865117007052
SD_QD_contig_2436771.region001	SD_QD_bin_119	5.163852411003735
SD_DY_contig_2415399.region001	SD_DY_bin_309	5.1575279163332635
SD_DY_contig_8928799.region001	SD_DY_bin_82	5.146412940061913
GD_ZH_contig_3798809.region001	GD_ZH_bin_155	5.141727521267796
GD_ZH_contig_20748211.region001	GD_ZH_bin_155	5.141727521267796
SD_QD_contig_17383934.region001	SD_QD_bin_183	5.137395316085813
ZJ_WZ_contig_25764355.region001	ZJ_WZ_bin_12	5.135221470200811
SD_DY_contig_8312628.region001	SD_DY_bin_262	5.13073339318916
GD_ZH_contig_6197109.region001	GD_ZH_bin_38	5.128808782365211
GD_ZH_contig_690738.region001	GD_ZH_bin_38	5.128808782365211
ZJ_WZ_contig_1340147.region001	ZJ_WZ_bin_216	5.12370624161554
ZJ_WZ_contig_24076148.region001	ZJ_WZ_bin_216	5.12370624161554
ZJ_WZ_contig_22617918.region001	ZJ_WZ_bin_216	5.12370624161554
ZJ_WZ_contig_9675887.region001	ZJ_WZ_bin_216	5.123706188684187
JS_LYG_contig_8569489.region001	JS_LYG_bin_19	5.118276166880302
JS_LYG_contig_16798679.region001	JS_LYG_bin_19	5.118276129452183
SD_DY_contig_2945408.region001	SD_DY_bin_45	5.116158716993484
HN_SY_contig_28974166.region001	HN_SY_bin_44	5.112352790173666
GD_ZH_contig_22690117.region001	GD_ZH_bin_166	5.105344706963641
GX_BH_contig_30578862.region001	GX_BH_bin_59	5.1015772090025004
JS_YC_contig_12761478.region001	JS_YC_bin_174	5.095267155786626
JS_YC_contig_15133020.region001	JS_YC_bin_174	5.095267118358507
JS_YC_contig_620288.region001	JS_YC_bin_174	5.095267118358507
LN_DD_contig_5684987.region001	LN_DD_bin_132	5.070742840021175
LN_DD_contig_5684987.region002	LN_DD_bin_132	5.070742824517941
ZJ_NB_contig_25857530.region001	ZJ_NB_bin_109	5.068974958841812
GD_ZH_contig_24368148.region001	GD_ZH_bin_261	5.063938675142898
GD_ZH_contig_24067008.region001	GD_ZH_bin_261	5.063938675142898
SD_DY_contig_13224212.region001	SD_DY_bin_46	5.054729132324535
HN_SY_contig_356105.region001	HN_SY_bin_15	5.047696714001981
JS_YC_contig_7379985.region001	JS_YC_bin_113	5.044889176968531
SD_DY_contig_9013973.region001	SD_DY_bin_388	5.042345262930294
JS_YC_contig_21011630.region001	JS_YC_bin_8	5.030227254485555
JS_YC_contig_21011630.region002	JS_YC_bin_8	5.030227217057436
GD_ZH_contig_20049290.region001	GD_ZH_bin_36	5.020352779533084
SD_QD_contig_118407.region001	SD_QD_bin_140	5.019976976523487
SD_QD_contig_11888979.region001	SD_QD_bin_140	5.0199769390953675
GX_BH_contig_16674494.region001	GX_BH_bin_105	5.0191924815935485
GX_BH_contig_18310404.region001	GX_BH_bin_105	5.0191924815935485
GX_BH_contig_1021579.region001	GX_BH_bin_105	5.0191924815935485
SD_DY_contig_12023912.region001	SD_DY_bin_344	5.0183115634526185
SD_DY_contig_15382486.region001	SD_DY_bin_344	5.0183115634526185
SD_DY_contig_23471664.region001	SD_DY_bin_344	5.018311510521265
GD_ZH_contig_24475604.region001	GD_ZH_bin_156	5.015060648737965
ZJ_WZ_contig_15982881.region001	ZJ_WZ_bin_60	5.013161863476094
SD_DY_contig_16172338.region001	SD_DY_bin_118	5.012580280039387
SD_DY_contig_13090631.region001	SD_DY_bin_118	5.012580280039387
SD_DY_contig_22824326.region001	SD_DY_bin_118	5.012580242611268
SD_QD_contig_30170427.region001	SD_QD_bin_224	5.007248506936524
ZJ_WZ_contig_3206502.region001	ZJ_WZ_bin_72	5.005822166547289
SD_DY_contig_2611000.region001	SD_DY_bin_232	5.003114423912951
ZJ_WZ_contig_26683625.region001	ZJ_WZ_bin_2	5.002941292853969
GD_ZH_contig_8508877.region001	GD_ZH_bin_118	4.994885974124394
GD_ZH_contig_13860703.region001	GD_ZH_bin_118	4.994885936696274
GD_ZH_contig_20709471.region001	GD_ZH_bin_118	4.99488592119304
HN_SY_contig_11483605.region001	HN_SY_bin_70	4.991481069931427
ZJ_WZ_contig_11021775.region002	ZJ_WZ_bin_220	4.985556418556704
ZJ_WZ_contig_3869886.region001	ZJ_WZ_bin_197	4.982501737417363
ZJ_WZ_contig_9598932.region001	ZJ_WZ_bin_197	4.9825016999892435
HN_SY_contig_27942486.region001	HN_SY_bin_220	4.9776818785836685
GX_BH_contig_6745036.region001	GX_BH_bin_52	4.974408276630856
JS_YC_contig_62914.region002	JS_YC_bin_171	4.967653708384122
JS_YC_contig_6167522.region001	JS_YC_bin_171	4.967653708384122
JS_YC_contig_62914.region001	JS_YC_bin_171	4.967653708384122
ZJ_NB_contig_13726994.region001	ZJ_NB_bin_144	4.963167167629224
ZJ_WZ_contig_10970164.region001	ZJ_WZ_bin_80	4.958929227925747
ZJ_WZ_contig_8310022.region001	ZJ_WZ_bin_80	4.958929227925747
ZJ_WZ_contig_15215092.region001	ZJ_WZ_bin_80	4.958929227925747
ZJ_WZ_contig_5245751.region001	ZJ_WZ_bin_80	4.958929174994394
SD_DY_contig_14165360.region001	SD_DY_bin_139	4.956128160167576
ZJ_WZ_contig_24981772.region001	ZJ_WZ_bin_66	4.948909383017651
ZJ_WZ_contig_24681133.region001	ZJ_WZ_bin_66	4.948909383017651
ZJ_WZ_contig_6169881.region001	ZJ_WZ_bin_66	4.948909345589532
ZJ_WZ_contig_6835350.region001	ZJ_WZ_bin_68	4.948687751255847
SD_DY_contig_4541248.region001	SD_DY_bin_39	4.946376457336056
SD_DY_contig_28922950.region001	SD_DY_bin_39	4.946376457336056
SD_DY_contig_16951154.region001	SD_DY_bin_39	4.946376457336056
SD_DY_contig_6127333.region001	SD_DY_bin_39	4.946376457336056
ZJ_WZ_contig_26310595.region001	ZJ_WZ_bin_166	4.938726753417618
ZJ_WZ_contig_5432259.region001	ZJ_WZ_bin_166	4.938726737914383
LN_DD_contig_17079702.region001	LN_DD_bin_69	4.936370172337432
LN_DD_contig_15597930.region001	LN_DD_bin_69	4.936370172337432
GD_ST_contig_22097523.region001	GD_ST_bin_5	4.936041271563278
GX_BH_contig_2507503.region001	GX_BH_bin_103	4.933088992893689
JS_LYG_contig_2546501.region001	JS_LYG_bin_137	4.931018057854026
HN_SY_contig_13408442.region001	HN_SY_bin_105	4.930188401303046
SD_DY_contig_19756711.region001	SD_DY_bin_69	4.928475541321613
ZJ_WZ_contig_1545005.region001	ZJ_WZ_bin_25	4.926933169723735
LN_DD_contig_19897329.region001	LN_DD_bin_191	4.909235854844495
ZJ_WZ_contig_18891158.region001	ZJ_WZ_bin_220	4.907565984448838
SD_DY_contig_24002907.region001	SD_DY_bin_392	4.905989822140884
SD_DY_contig_26172748.region001	SD_DY_bin_392	4.90598976920953
SD_QD_contig_6343844.region001	SD_QD_bin_165	4.9055842661944045
LN_DD_contig_21872672.region001	LN_DD_bin_190	4.86829144490912
LN_DD_contig_10929269.region001	LN_DD_bin_190	4.868291391977767
GX_BH_contig_9705425.region001	GX_BH_bin_29	4.866628459962912
HN_SY_contig_29728826.region001	HN_SY_bin_59	4.862674366931287
GD_ZH_contig_9171408.region001	GD_ZH_bin_30	4.861274217400651
GD_ZH_contig_22468248.region001	GD_ZH_bin_30	4.861274152573247
SD_DY_contig_4745015.region001	SD_DY_bin_241	4.858094232709149
SD_DY_contig_136613.region001	SD_DY_bin_241	4.858094232709149
ZJ_NB_contig_3746119.region001	ZJ_NB_bin_62	4.856784704834315
GD_ZH_contig_15177757.region001	GD_ZH_bin_237	4.848578840274478
GD_ZH_contig_7592191.region001	GD_ZH_bin_237	4.848578802846359
ZJ_WZ_contig_23867843.region001	ZJ_WZ_bin_204	4.845663956025252
JS_YC_contig_6238280.region001	JS_YC_bin_35	4.842843157806424
JS_YC_contig_23261027.region001	JS_YC_bin_35	4.842843120378305
GD_ZH_contig_81338.region001	GD_ZH_bin_20	4.841423806306109
GD_ZH_contig_21300796.region001	GD_ZH_bin_20	4.841423806306109
GD_ZH_contig_20469917.region001	GD_ZH_bin_20	4.8414237688779895
LN_DD_contig_20663041.region002	LN_DD_bin_61	4.837210555459804
LN_DD_contig_20663041.region001	LN_DD_bin_61	4.837210555459804
LN_DD_contig_11942500.region001	LN_DD_bin_191	4.831245420736623
SD_QD_contig_10339056.region001	SD_QD_bin_15	4.819228231427354
LN_DD_contig_1340730.region001	LN_DD_bin_178	4.8179622945676055
GD_ZH_contig_14663506.region001	GD_ZH_bin_214	4.815053043308438
GD_ZH_contig_14663506.region002	GD_ZH_bin_214	4.815053043308438
GD_ZH_contig_271760.region001	GD_ZH_bin_95	4.813144870463429
ZJ_WZ_contig_22795467.region001	ZJ_WZ_bin_26	4.812471524526403
ZJ_WZ_contig_17494129.region001	ZJ_WZ_bin_26	4.81247147159505
GD_ZH_contig_4220545.region001	GD_ZH_bin_201	4.811617910603568
SD_DY_contig_24158636.region001	SD_DY_bin_321	4.811445284950508
SD_QD_contig_28664982.region001	SD_QD_bin_13	4.809492810355544
ZJ_WZ_contig_10680920.region001	ZJ_WZ_bin_228	4.809276535389822
JS_YC_contig_13093603.region001	JS_YC_bin_42	4.806410219554169
SD_QD_contig_4890714.region001	SD_QD_bin_209	4.80085510496238
SD_DY_contig_655463.region001	SD_DY_bin_329	4.792858342795178
SD_DY_contig_5485583.region001	SD_DY_bin_329	4.792858342795178
SD_DY_contig_22674571.region001	SD_DY_bin_329	4.792858305367059
FJ_XM_contig_6476499.region001	FJ_XM_bin_40	4.788607122112681
FJ_XM_contig_20067532.region001	FJ_XM_bin_40	4.788607122112681
JS_YC_contig_22461621.region001	JS_YC_bin_159	4.7860997460569585
SD_DY_contig_13237343.region001	SD_DY_bin_254	4.782485160012039
FJ_XM_contig_2813959.region001	FJ_XM_bin_120	4.780263325717846
SD_DY_contig_25547877.region001	SD_DY_bin_291	4.7794483051327905
LN_DD_contig_19903652.region001	LN_DD_bin_196	4.778037123711619
JS_LYG_contig_3861536.region001	JS_LYG_bin_140	4.775359997954986
SD_DY_contig_922270.region001	SD_DY_bin_203	4.772586157886392
SD_DY_contig_13178059.region001	SD_DY_bin_70	4.768632475938206
SD_DY_contig_22735926.region001	SD_DY_bin_460	4.7669321033456376
ZJ_WZ_contig_16114896.region001	ZJ_WZ_bin_196	4.7647589685741405
SD_DY_contig_7489233.region001	SD_DY_bin_425	4.756198443486344
JS_YC_contig_13125580.region001	JS_YC_bin_56	4.750311921615662
JS_YC_contig_21700320.region001	JS_YC_bin_56	4.750311921615662
JS_YC_contig_27076495.region001	JS_YC_bin_56	4.750311921615662
JS_YC_contig_803029.region001	JS_YC_bin_56	4.750311884187543
JS_YC_contig_4584440.region001	JS_YC_bin_56	4.750311868684308
HN_SY_contig_6190292.region001	HN_SY_bin_156	4.750153808009547
LN_DD_contig_22164709.region001	LN_DD_bin_194	4.745462260321179
LN_DD_contig_18266370.region001	LN_DD_bin_194	4.745462260321179
LN_DD_contig_1830857.region001	LN_DD_bin_194	4.745462260321179
FJ_XM_contig_36007956.region001	FJ_XM_bin_119	4.742680162696506
JS_YC_contig_16027063.region001	JS_YC_bin_146	4.741100409186818
LN_DD_contig_67352.region001	LN_DD_bin_141	4.740059499525996
LN_DD_contig_15142576.region001	LN_DD_bin_141	4.740059499525996
LN_DD_contig_11057742.region001	LN_DD_bin_141	4.740059424669758
HN_SY_contig_15494922.region001	HN_SY_bin_90	4.737580388597813
ZJ_NB_contig_228189.region001	ZJ_NB_bin_125	4.729344105047356
SD_DY_contig_88252.region001	SD_DY_bin_449	4.725801421556353
HN_SY_contig_22588944.region001	HN_SY_bin_19	4.716828085898925
GD_ZH_contig_7111405.region001	GD_ZH_bin_125	4.716588870492951
GX_BH_contig_10108032.region001	GX_BH_bin_5	4.715462949506211
GX_BH_contig_15115072.region001	GX_BH_bin_5	4.715462912078093
JS_YC_contig_3083345.region001	JS_YC_bin_191	4.71357717669801
JS_YC_contig_27526575.region001	JS_YC_bin_191	4.71357717669801
JS_YC_contig_11062336.region001	JS_YC_bin_191	4.713577139269891
SD_DY_contig_26611918.region001	SD_DY_bin_199	4.713020670666112
SD_DY_contig_18297150.region001	SD_DY_bin_149	4.7123191023193325
ZJ_WZ_contig_22870814.region001	ZJ_WZ_bin_53	4.70898738655536
ZJ_WZ_contig_4476482.region001	ZJ_WZ_bin_51	4.707515907117987
ZJ_WZ_contig_549677.region001	ZJ_WZ_bin_51	4.707515907117987
GD_ZH_contig_18666303.region001	GD_ZH_bin_8	4.707258065993007
GD_ZH_contig_6558738.region001	GD_ZH_bin_62	4.705819370268726
ZJ_NB_contig_3689460.region001	ZJ_NB_bin_49	4.70368013611271
ZJ_NB_contig_14911987.region001	ZJ_NB_bin_49	4.70368013611271
ZJ_NB_contig_9095850.region001	ZJ_NB_bin_49	4.70368013611271
SD_DY_contig_16568199.region001	SD_DY_bin_323	4.703269954298003
SD_DY_contig_20700754.region001	SD_DY_bin_53	4.699298823464409
SD_DY_contig_4503502.region001	SD_DY_bin_53	4.69929878603629
SD_DY_contig_9503705.region001	SD_DY_bin_332	4.696455355720133
SD_DY_contig_6714579.region001	SD_DY_bin_435	4.69578635239898
SD_DY_contig_25612939.region001	SD_DY_bin_513	4.693861614442402
SD_DY_contig_22131439.region001	SD_DY_bin_513	4.693861549614998
FJ_XM_contig_27801339.region001	FJ_XM_bin_121	4.693185518994852
SD_DY_contig_13978077.region001	SD_DY_bin_289	4.689701833713578
SD_DY_contig_5224359.region001	SD_DY_bin_69	4.685915577698733
SD_DY_contig_25158393.region001	SD_DY_bin_287	4.67949904325133
SD_DY_contig_29127221.region001	SD_DY_bin_287	4.67949904325133
SD_DY_contig_18591293.region001	SD_DY_bin_287	4.6794989784239265
ZJ_WZ_contig_25934647.region001	ZJ_WZ_bin_99	4.676594025274953
SD_DY_contig_24905932.region001	SD_DY_bin_119	4.675199645129376
GD_ZH_contig_10997029.region001	GD_ZH_bin_81	4.652902100986816
GD_ZH_contig_18011661.region001	GD_ZH_bin_81	4.652902100986816
GD_ZH_contig_25188772.region001	GD_ZH_bin_81	4.652902100986816
GD_ZH_contig_25188772.region002	GD_ZH_bin_81	4.652902100986816
GD_ZH_contig_17844912.region001	GD_ZH_bin_81	4.652902100986816
GD_ZH_contig_1550518.region001	GD_ZH_bin_83	4.648239948627226
SD_DY_contig_21293606.region001	SD_DY_bin_41	4.645218141629272
SD_DY_contig_7053520.region001	SD_DY_bin_69	4.644961074164837
LN_DD_contig_15547942.region001	LN_DD_bin_43	4.644748460535467
SD_DY_contig_27717175.region001	SD_DY_bin_255	4.642673776392188
LN_DD_contig_5281645.region001	LN_DD_bin_1	4.64149639526524
ZJ_NB_contig_23219189.region001	ZJ_NB_bin_62	4.6414031858466895
SD_DY_contig_4124005.region001	SD_DY_bin_1	4.639757425471732
LN_DD_contig_21871493.region001	LN_DD_bin_29	4.635997314015516
JS_YC_contig_23330129.region001	JS_YC_bin_126	4.635932686435855
JS_YC_contig_14481514.region001	JS_YC_bin_126	4.635932686435855
JS_YC_contig_22083760.region001	JS_YC_bin_126	4.635932686435855
LN_DD_contig_20871048.region001	LN_DD_bin_19	4.6305023575101485
SD_DY_contig_23137355.region001	SD_DY_bin_2	4.628952840139357
ZJ_NB_contig_13344857.region001	ZJ_NB_bin_63	4.628467521995352
SD_QD_contig_5006522.region001	SD_QD_bin_218	4.625614028182366
SD_DY_contig_2231221.region002	SD_DY_bin_501	4.62460138648125
GX_BH_contig_12055568.region001	GX_BH_bin_95	4.62240900552163
JS_YC_contig_26165720.region001	JS_YC_bin_153	4.621710118852718
JS_YC_contig_8509229.region001	JS_YC_bin_153	4.621710118852718
GD_ZH_contig_21165519.region001	GD_ZH_bin_243	4.619839519163161
HN_SY_contig_18244650.region001	HN_SY_bin_19	4.618884890470729
SD_QD_contig_15793187.region001	SD_QD_bin_203	4.6181394994634015
GD_ZH_contig_7615084.region001	GD_ZH_bin_12	4.615130586748703
JS_YC_contig_8132437.region001	JS_YC_bin_99	4.614277583258732
JS_YC_contig_21585476.region001	JS_YC_bin_24	4.612663294879118
SD_QD_contig_4090016.region001	SD_QD_bin_216	4.601098816965944
ZJ_NB_contig_23209905.region001	ZJ_NB_bin_172	4.599660517434331
HN_SY_contig_13282090.region001	HN_SY_bin_88	4.597806688206393
JS_YC_contig_10516787.region001	JS_YC_bin_29	4.594335553574442
ZJ_NB_contig_12457232.region001	ZJ_NB_bin_61	4.5933778992570256
GD_ZH_contig_23696060.region001	GD_ZH_bin_3	4.584328394020143
GD_ZH_contig_26260062.region001	GD_ZH_bin_3	4.584328394020143
GD_ZH_contig_13764930.region001	GD_ZH_bin_3	4.584328356592024
JS_YC_contig_1759837.region001	JS_YC_bin_21	4.5807526263704235
JS_YC_contig_1576837.region001	JS_YC_bin_21	4.5807526263704235
ZJ_WZ_contig_21213051.region001	ZJ_WZ_bin_154	4.577490525615151
ZJ_WZ_contig_15002768.region001	ZJ_WZ_bin_154	4.577490488187031
ZJ_WZ_contig_15002768.region002	ZJ_WZ_bin_154	4.577490488187031
SD_QD_contig_19928046.region001	SD_QD_bin_44	4.5772954245029975
HN_SY_contig_1943636.region001	HN_SY_bin_164	4.5663435808371435
GD_ZH_contig_6393496.region001	GD_ZH_bin_228	4.566300702221156
LN_DD_contig_4241638.region001	LN_DD_bin_123	4.565101534597586
JS_YC_contig_19437490.region001	JS_YC_bin_180	4.5644031896570425
GD_ST_contig_26210141.region001	GD_ST_bin_38	4.563097848002749
GD_ZH_contig_11035848.region001	GD_ZH_bin_207	4.562142629525821
FJ_XM_contig_8771700.region001	FJ_XM_bin_7	4.561490354337432
ZJ_WZ_contig_17632295.region001	ZJ_WZ_bin_191	4.558012791501118
ZJ_WZ_contig_10043740.region001	ZJ_WZ_bin_191	4.558012754072998
ZJ_WZ_contig_12702479.region001	ZJ_WZ_bin_151	4.554473655085992
ZJ_WZ_contig_27064443.region001	ZJ_WZ_bin_151	4.554473617657874
ZJ_WZ_contig_14776244.region001	ZJ_WZ_bin_151	4.554473602154639
LN_DD_contig_10495670.region001	LN_DD_bin_10	4.55421675380589
GD_ST_contig_16683047.region001	GD_ST_bin_100	4.54683651268729
HN_SY_contig_1142122.region001	HN_SY_bin_19	4.54610540546395
SD_DY_contig_9572948.region001	SD_DY_bin_309	4.52958827820549
JS_YC_contig_9768395.region001	JS_YC_bin_57	4.5294495241120165
LN_DD_contig_7420435.region001	LN_DD_bin_68	4.524234863078069
ZJ_WZ_contig_11264317.region001	ZJ_WZ_bin_107	4.523887298051981
JS_YC_contig_9844050.region001	JS_YC_bin_72	4.520178631097234
JS_YC_contig_20584320.region001	JS_YC_bin_72	4.520178631097234
JS_YC_contig_1625486.region001	JS_YC_bin_72	4.520178631097234
ZJ_NB_contig_620586.region001	ZJ_NB_bin_29	4.516563934039505
ZJ_NB_contig_10063526.region001	ZJ_NB_bin_29	4.516563934039505
HN_SY_contig_30612883.region001	HN_SY_bin_151	4.516025473583774
ZJ_WZ_contig_1042638.region001	ZJ_WZ_bin_92	4.5157630596945015
GD_ST_contig_3015468.region001	GD_ST_bin_23	4.509391421115889
JS_YC_contig_5390013.region001	JS_YC_bin_101	4.506921839133473
GX_BH_contig_23940918.region001	GX_BH_bin_95	4.5045561594766825
SD_DY_contig_80486.region001	SD_DY_bin_399	4.500269024223501
JS_YC_contig_22318882.region001	JS_YC_bin_214	4.495928505279739
GD_ZH_contig_5560556.region001	GD_ZH_bin_143	4.493291456744636
GD_ZH_contig_26040568.region001	GD_ZH_bin_143	4.493291456744636
HN_SY_contig_9656337.region001	HN_SY_bin_79	4.489919327150103
ZJ_NB_contig_26402088.region001	ZJ_NB_bin_28	4.487849881441223
HN_SY_contig_11734991.region002	HN_SY_bin_50	4.487309633706454
ZJ_WZ_contig_8540778.region001	ZJ_WZ_bin_158	4.482642648139304
GD_ZH_contig_6097759.region001	GD_ZH_bin_9	4.482250908647211
GD_ZH_contig_11569046.region001	GD_ZH_bin_9	4.482250908647211
ZJ_WZ_contig_19040464.region001	ZJ_WZ_bin_204	4.480291656401514
ZJ_WZ_contig_23658316.region001	ZJ_WZ_bin_165	4.477685575881072
HN_SY_contig_4021957.region001	HN_SY_bin_195	4.477494927586843
ZJ_WZ_contig_12097044.region001	ZJ_WZ_bin_196	4.471387715534798
ZJ_WZ_contig_24262117.region001	ZJ_WZ_bin_196	4.467257907342894
SD_DY_contig_11395533.region001	SD_DY_bin_24	4.467153175394378
HN_SY_contig_30482831.region001	HN_SY_bin_146	4.466918560487905
SD_DY_contig_581325.region001	SD_DY_bin_200	4.461586008683073
ZJ_NB_contig_18018078.region001	ZJ_NB_bin_78	4.4504212005666846
SD_DY_contig_8140778.region001	SD_DY_bin_58	4.4366393978091585
JS_LYG_contig_9611338.region001	JS_LYG_bin_29	4.432191288898807
GX_BH_contig_3693063.region001	GX_BH_bin_100	4.428647506780221
GX_BH_contig_12786317.region001	GX_BH_bin_100	4.428647506780221
GX_BH_contig_12122827.region001	GX_BH_bin_100	4.428647506780221
SD_QD_contig_8242568.region001	SD_QD_bin_236	4.419268266331286
HN_SY_contig_29785057.region001	HN_SY_bin_105	4.414476077558194
GX_BH_contig_33343095.region001	GX_BH_bin_12	4.4139046156773425
ZJ_WZ_contig_9910845.region001	ZJ_WZ_bin_180	4.404776866722426
FJ_XM_contig_8618480.region001	FJ_XM_bin_118	4.399066241314618
SD_QD_contig_26898904.region001	SD_QD_bin_137	4.398820367705179
ZJ_WZ_contig_6240270.region001	ZJ_WZ_bin_204	4.395268490455028
SD_QD_contig_14356132.region001	SD_QD_bin_109	4.383378446444971
JS_YC_contig_22543303.region001	JS_YC_bin_41	4.379564952521181
JS_YC_contig_2007391.region001	JS_YC_bin_41	4.379564952521181
JS_YC_contig_27825207.region001	JS_YC_bin_41	4.379564952521181
JS_YC_contig_417906.region002	JS_YC_bin_41	4.379564952521181
JS_YC_contig_26309391.region001	JS_YC_bin_41	4.379564915093062
JS_YC_contig_7628828.region001	JS_YC_bin_41	4.379564915093062
GD_ZH_contig_8114372.region001	GD_ZH_bin_93	4.377810067017584
ZJ_WZ_contig_6650721.region001	ZJ_WZ_bin_10	4.375652164371056
GX_BH_contig_18494257.region001	GX_BH_bin_97	4.363953757581386
FJ_XM_contig_7439548.region001	FJ_XM_bin_95	4.3589721782969635
GD_ZH_contig_11920709.region001	GD_ZH_bin_266	4.35509378476296
JS_YC_contig_9188131.region001	JS_YC_bin_211	4.3490412924650546
JS_LYG_contig_13330056.region001	JS_LYG_bin_137	4.341751577439214
JS_YC_contig_4370753.region001	JS_YC_bin_18	4.338169823335912
GD_ZH_contig_1057872.region001	GD_ZH_bin_69	4.3263097053671835
LN_DD_contig_13226306.region001	LN_DD_bin_127	4.3258814053449965
GX_BH_contig_16427542.region001	GX_BH_bin_66	4.322486136075266
ZJ_NB_contig_17821485.region001	ZJ_NB_bin_143	4.320244911264373
ZJ_NB_contig_22334498.region001	ZJ_NB_bin_143	4.320244911264373
SD_DY_contig_25831887.region001	SD_DY_bin_294	4.3176904968107515
JS_YC_contig_14104893.region001	JS_YC_bin_147	4.315431415800404
HN_SY_contig_1772115.region001	HN_SY_bin_185	4.3143884127255046
SD_DY_contig_24064551.region001	SD_DY_bin_273	4.3133216732121085
GD_ZH_contig_23710922.region001	GD_ZH_bin_37	4.3097745643333285
SD_DY_contig_12659141.region001	SD_DY_bin_292	4.309635578300646
HN_SY_contig_13348961.region001	HN_SY_bin_119	4.30720263911458
SD_DY_contig_17750195.region001	SD_DY_bin_318	4.303809080347652
SD_DY_contig_6242392.region001	SD_DY_bin_476	4.295904208989706
JS_YC_contig_6877473.region001	JS_YC_bin_36	4.294901693235062
SD_DY_contig_19078563.region001	SD_DY_bin_474	4.290791750690272
GD_ZH_contig_22704700.region001	GD_ZH_bin_35	4.287155964490731
ZJ_NB_contig_22754226.region001	ZJ_NB_bin_167	4.283591483137983
GD_ZH_contig_15232623.region001	GD_ZH_bin_152	4.279541306889514
GD_ZH_contig_10505396.region001	GD_ZH_bin_152	4.279541306889514
GD_ZH_contig_15682576.region001	GD_ZH_bin_152	4.279541269461395
SD_DY_contig_141141.region001	SD_DY_bin_42	4.279213241348599
ZJ_WZ_contig_11284195.region001	ZJ_WZ_bin_129	4.273838308320906
GD_ST_contig_21185174.region001	GD_ST_bin_22	4.268484968393933
FJ_XM_contig_13204604.region001	FJ_XM_bin_92	4.265366377597686
HN_SY_contig_8912320.region001	HN_SY_bin_69	4.264430873589931
HN_SY_contig_1836583.region001	HN_SY_bin_188	4.25991660629717
GD_ZH_contig_25377072.region001	GD_ZH_bin_223	4.259375461577557
GD_ZH_contig_18629089.region001	GD_ZH_bin_254	4.259155842323954
GD_ZH_contig_5428584.region001	GD_ZH_bin_51	4.255628766781632
GD_ZH_contig_17764897.region001	GD_ZH_bin_51	4.255628729353512
GX_BH_contig_10051272.region001	GX_BH_bin_73	4.254619767040819
SD_QD_contig_18123446.region002	SD_QD_bin_276	4.2504575987712325
SD_QD_contig_5490440.region001	SD_QD_bin_276	4.2504575987712325
SD_QD_contig_18123446.region001	SD_QD_bin_276	4.250457545839878
SD_DY_contig_6805886.region001	SD_DY_bin_344	4.246034151649516
GX_BH_contig_24055.region001	GX_BH_bin_59	4.234309340865598
SD_DY_contig_2232790.region001	SD_DY_bin_471	4.2323397625485795
LN_DD_contig_10836693.region002	LN_DD_bin_33	4.229062505151901
GX_BH_contig_8722246.region001	GX_BH_bin_27	4.226108560766305
JS_YC_contig_554782.region001	JS_YC_bin_70	4.225651611820958
SD_QD_contig_809665.region001	SD_QD_bin_250	4.224862508073918
HN_SY_contig_30621989.region001	HN_SY_bin_198	4.21628635880929
SD_DY_contig_26367329.region001	SD_DY_bin_488	4.210854147907548
ZJ_NB_contig_16271411.region001	ZJ_NB_bin_2	4.20926986351347
ZJ_NB_contig_23972005.region001	ZJ_NB_bin_2	4.209269810582117
JS_YC_contig_4649134.region001	JS_YC_bin_64	4.194644791004463
JS_YC_contig_7757555.region001	JS_YC_bin_196	4.194260551530309
JS_YC_contig_6459982.region001	JS_YC_bin_196	4.194260551530309
SD_DY_contig_20517722.region001	SD_DY_bin_38	4.192616934783636
SD_DY_contig_22389157.region001	SD_DY_bin_38	4.192616897355517
JS_YC_contig_6112245.region001	JS_YC_bin_113	4.182382315812086
GX_BH_contig_31462154.region001	GX_BH_bin_43	4.174600434155789
SD_DY_contig_2944661.region001	SD_DY_bin_337	4.172401818161022
GX_BH_contig_18438520.region001	GX_BH_bin_66	4.172314656481818
ZJ_NB_contig_15508825.region001	ZJ_NB_bin_129	4.1676105623916255
SD_QD_contig_21321412.region001	SD_QD_bin_76	4.163826591304587
JS_YC_contig_21968682.region001	JS_YC_bin_35	4.162655726347326
LN_DD_contig_14239459.region001	LN_DD_bin_29	4.15675327428348
HN_SY_contig_11273986.region001	HN_SY_bin_177	4.151757230954535
SD_DY_contig_6426584.region001	SD_DY_bin_240	4.150050709228827
SD_QD_contig_13582417.region001	SD_QD_bin_139	4.149158013619089
SD_DY_contig_21758158.region001	SD_DY_bin_206	4.145979995027447
SD_DY_contig_25621975.region001	SD_DY_bin_195	4.1430473068810745
JS_LYG_contig_5507689.region001	JS_LYG_bin_52	4.1428504253225045
GD_ST_contig_6033701.region001	GD_ST_bin_72	4.129279690905955
JS_YC_contig_25272848.region001	JS_YC_bin_134	4.12538352647107
SD_QD_contig_25280275.region001	SD_QD_bin_140	4.124927638593128
SD_QD_contig_13645228.region001	SD_QD_bin_54	4.124290032451357
LN_DD_contig_1553090.region001	LN_DD_bin_142	4.119374891588784
ZJ_WZ_contig_3077644.region001	ZJ_WZ_bin_242	4.112672032575119
HN_SY_contig_32451159.region001	HN_SY_bin_15	4.11188385409645
GD_ZH_contig_17932586.region001	GD_ZH_bin_20	4.1097575611856545
ZJ_NB_contig_4217584.region001	ZJ_NB_bin_146	4.101904738416986
JS_YC_contig_1199444.region001	JS_YC_bin_118	4.0997393098805075
SD_DY_contig_10982070.region001	SD_DY_bin_422	4.096071961931085
SD_DY_contig_13983864.region001	SD_DY_bin_116	4.088621598039637
ZJ_NB_contig_2503381.region001	ZJ_NB_bin_145	4.088219107920014
HN_SY_contig_2223795.region001	HN_SY_bin_153	4.0879411353744874
FJ_XM_contig_17740019.region001	FJ_XM_bin_7	4.087669186008854
SD_DY_contig_18442958.region001	SD_DY_bin_48	4.081721544178886
GD_ZH_contig_17588901.region001	GD_ZH_bin_28	4.074081192494218
GD_ZH_contig_18671642.region001	GD_ZH_bin_28	4.074081192494218
SD_DY_contig_27977251.region001	SD_DY_bin_466	4.0739688964650975
FJ_XM_contig_15138506.region001	FJ_XM_bin_120	4.071170273288991
JS_YC_contig_916902.region001	JS_YC_bin_43	4.069719457833447
SD_DY_contig_15509516.region001	SD_DY_bin_97	4.066781337522051
SD_DY_contig_13174547.region001	SD_DY_bin_266	4.061145659058483
SD_DY_contig_10578473.region001	SD_DY_bin_329	4.046560824137876
ZJ_NB_contig_5616585.region001	ZJ_NB_bin_106	4.045209028241504
ZJ_NB_contig_6926139.region001	ZJ_NB_bin_62	4.041693361552614
LN_DD_contig_14173740.region001	LN_DD_bin_28	4.040801357226267
ZJ_NB_contig_3828479.region001	ZJ_NB_bin_155	4.040218541812352
GD_ZH_contig_15448967.region001	GD_ZH_bin_147	4.038905851451404
ZJ_WZ_contig_25960263.region001	ZJ_WZ_bin_6	4.037723874715542
GD_ZH_contig_24465168.region001	GD_ZH_bin_27	4.036665542823572
GD_ZH_contig_18021622.region001	GD_ZH_bin_27	4.036665527320338
ZJ_NB_contig_3017658.region001	ZJ_NB_bin_47	4.036199925351597
ZJ_WZ_contig_1375483.region001	ZJ_WZ_bin_2	4.035960848953446
SD_QD_contig_16779813.region001	SD_QD_bin_210	4.030080196206861
SD_QD_contig_18601582.region001	SD_QD_bin_210	4.030080158778742
JS_LYG_contig_6965159.region001	JS_LYG_bin_34	4.029854725545373
ZJ_WZ_contig_17291498.region001	ZJ_WZ_bin_61	4.026291903242132
GX_BH_contig_2507503.region002	GX_BH_bin_103	4.021381227978312
GD_ZH_contig_12515053.region001	GD_ZH_bin_243	4.019734966814866
SD_QD_contig_15784645.region001	SD_QD_bin_203	4.015361618186585
GD_ZH_contig_4655867.region001	GD_ZH_bin_203	4.013460129510442
SD_DY_contig_21746912.region001	SD_DY_bin_86	4.010338778865541
JS_YC_contig_1194294.region001	JS_YC_bin_125	4.010234261818699
SD_DY_contig_8436493.region001	SD_DY_bin_172	4.009926152361763
SD_DY_contig_25391349.region001	SD_DY_bin_365	4.001652703058863
LN_DD_contig_915494.region001	LN_DD_bin_1	3.9989190730084627
JS_LYG_contig_24084035.region001	JS_LYG_bin_95	3.9969294016459207
JS_YC_contig_20799038.region001	JS_YC_bin_93	3.9969182232386857
SD_QD_contig_25723195.region001	SD_QD_bin_203	3.9952571756602677
JS_LYG_contig_2528289.region001	JS_LYG_bin_20	3.9941714850493835
GD_ST_contig_2713754.region001	GD_ST_bin_136	3.9941565688194527
JS_LYG_contig_16759597.region001	JS_LYG_bin_95	3.9934484054719217
ZJ_NB_contig_13649733.region001	ZJ_NB_bin_61	3.990600017980208
SD_QD_contig_27772578.region001	SD_QD_bin_29	3.980367672980247
ZJ_NB_contig_21516717.region001	ZJ_NB_bin_144	3.9774284437168723
SD_QD_contig_25663624.region001	SD_QD_bin_29	3.9768443264003137
SD_QD_contig_11094092.region001	SD_QD_bin_75	3.974983798521154
ZJ_NB_contig_27948996.region001	ZJ_NB_bin_61	3.9704955754538913
SD_DY_contig_16969697.region001	SD_DY_bin_442	3.963983115652748
GX_BH_contig_16036022.region001	GX_BH_bin_5	3.9604466079710607
SD_DY_contig_11076962.region001	SD_DY_bin_308	3.953563165621703
GX_BH_contig_3268090.region001	GX_BH_bin_136	3.943028940669326
SD_DY_contig_24728703.region001	SD_DY_bin_214	3.9424427750743143
HN_SY_contig_2903459.region001	HN_SY_bin_214	3.94092780378126
SD_DY_contig_21620399.region001	SD_DY_bin_28	3.9397778694223184
SD_DY_contig_14037627.region001	SD_DY_bin_435	3.9363239172075937
HN_SY_contig_14244818.region001	HN_SY_bin_56	3.9346668889536165
ZJ_WZ_contig_4787009.region001	ZJ_WZ_bin_128	3.9298068215688993
GX_BH_contig_16477031.region001	GX_BH_bin_14	3.9274274853854036
SD_DY_contig_19035083.region001	SD_DY_bin_308	3.92406008085546
GX_BH_contig_10278212.region001	GX_BH_bin_18	3.9191591235926158
GD_ZH_contig_22835732.region001	GD_ZH_bin_62	3.91171377828013
SD_DY_contig_28874216.region001	SD_DY_bin_392	3.9086531780727123
LN_DD_contig_12224289.region001	LN_DD_bin_61	3.907355927760765
JS_LYG_contig_15512364.region001	JS_LYG_bin_29	3.903946118184731
HN_SY_contig_13699430.region001	HN_SY_bin_50	3.8992048180448435
ZJ_NB_contig_5406829.region001	ZJ_NB_bin_8	3.8988980426989075
ZJ_NB_contig_13769179.region001	ZJ_NB_bin_8	3.8988980426989075
ZJ_NB_contig_2251211.region001	ZJ_NB_bin_8	3.8988980426989075
GD_ZH_contig_23039459.region001	GD_ZH_bin_221	3.893494144513999
ZJ_NB_contig_8282436.region001	ZJ_NB_bin_27	3.89080143254529
ZJ_NB_contig_12141422.region001	ZJ_NB_bin_27	3.89080143254529
ZJ_NB_contig_16564760.region001	ZJ_NB_bin_27	3.8908013951171707
SD_DY_contig_28173100.region001	SD_DY_bin_425	3.8854667811183212
SD_DY_contig_8161538.region001	SD_DY_bin_28	3.8853538670368213
LN_DD_contig_4843615.region001	LN_DD_bin_102	3.8843579691211403
GD_ZH_contig_11187011.region001	GD_ZH_bin_232	3.883336889711107
GD_ZH_contig_9427432.region001	GD_ZH_bin_232	3.883336889711107
HN_SY_contig_28694619.region001	HN_SY_bin_30	3.88282626629768
ZJ_WZ_contig_26260491.region001	ZJ_WZ_bin_158	3.880598076734237
ZJ_WZ_contig_3252087.region001	ZJ_WZ_bin_161	3.880333807717778
GD_ZH_contig_7586902.region001	GD_ZH_bin_226	3.8799420566848823
GD_ZH_contig_19975720.region001	GD_ZH_bin_226	3.8799420566848823
JS_LYG_contig_13670360.region001	JS_LYG_bin_34	3.868374464843415
SD_QD_contig_2381810.region001	SD_QD_bin_44	3.868202319142786
ZJ_NB_contig_3812857.region001	ZJ_NB_bin_16	3.8679193834426444
GD_ZH_contig_25819278.region001	GD_ZH_bin_214	3.8557292078979675
ZJ_NB_contig_4165638.region001	ZJ_NB_bin_125	3.8540537814185085
ZJ_WZ_contig_4797395.region001	ZJ_WZ_bin_85	3.8503515811449893
SD_DY_contig_17486641.region001	SD_DY_bin_119	3.848152972849114
SD_DY_contig_20108820.region001	SD_DY_bin_72	3.8462027591992785
JS_YC_contig_19917638.region001	JS_YC_bin_42	3.8402645358813023
JS_YC_contig_7916021.region001	JS_YC_bin_72	3.8399911996381357
JS_YC_contig_14543176.region001	JS_YC_bin_191	3.834230607997704
LN_DD_contig_19921525.region001	LN_DD_bin_122	3.8307100518904402
LN_DD_contig_13263177.region001	LN_DD_bin_122	3.827186705310507
SD_DY_contig_23097043.region001	SD_DY_bin_70	3.826913876146894
ZJ_NB_contig_10317887.region001	ZJ_NB_bin_104	3.8246318554308494
LN_DD_contig_4539170.region001	LN_DD_bin_56	3.822007692799514
LN_DD_contig_2402699.region001	LN_DD_bin_136	3.8177855923627955
HN_SY_contig_22106833.region001	HN_SY_bin_40	3.816012268294228
GX_BH_contig_14249831.region001	GX_BH_bin_53	3.8145138297585683
FJ_XM_contig_32342001.region001	FJ_XM_bin_120	3.814117694976331
ZJ_NB_contig_22466019.region001	ZJ_NB_bin_176	3.8049612954035106
SD_DY_contig_7993784.region001	SD_DY_bin_127	3.7948509885529913
HN_SY_contig_32261994.region001	HN_SY_bin_24	3.789117331615108
GD_ZH_contig_11962797.region001	GD_ZH_bin_89	3.7863474477849164
SD_DY_contig_27978922.region001	SD_DY_bin_332	3.7842398032669444
GX_BH_contig_16858399.region001	GX_BH_bin_5	3.7828184278275105
ZJ_WZ_contig_9074749.region001	ZJ_WZ_bin_93	3.782100280948974
HN_SY_contig_9012423.region001	HN_SY_bin_140	3.7818991459927513
SD_DY_contig_1601259.region001	SD_DY_bin_255	3.7778316866693196
LN_DD_contig_22189433.region001	LN_DD_bin_19	3.758542178040322
LN_DD_contig_11293265.region001	LN_DD_bin_194	3.748125616253008
SD_QD_contig_17702344.region001	SD_QD_bin_281	3.743353701490638
ZJ_WZ_contig_10004541.region001	ZJ_WZ_bin_191	3.7429214482194166
SD_DY_contig_3075865.region001	SD_DY_bin_49	3.7428008222825406
LN_DD_contig_2858753.region001	LN_DD_bin_56	3.7391949003293257
ZJ_NB_contig_1333191.region001	ZJ_NB_bin_160	3.7148644376298487
SD_DY_contig_3459126.region001	SD_DY_bin_420	3.713149896037417
SD_DY_contig_21552269.region001	SD_DY_bin_420	3.7131498431060637
ZJ_WZ_contig_15853509.region001	ZJ_WZ_bin_102	3.7118223950569385
SD_DY_contig_27851636.region001	SD_DY_bin_287	3.7116236787172814
HN_SY_contig_6652238.region001	HN_SY_bin_224	3.711411022905971
HN_SY_contig_34022348.region001	HN_SY_bin_58	3.696383359212224
SD_QD_contig_23710337.region001	SD_QD_bin_227	3.695298002652693
GD_ZH_contig_11168689.region001	GD_ZH_bin_81	3.6935782655763445
HN_SY_contig_32799665.region001	HN_SY_bin_50	3.687985863532515
SD_DY_contig_12608734.region001	SD_DY_bin_478	3.6852259495073096
SD_QD_contig_24632218.region001	SD_QD_bin_136	3.6734221809095895
JS_YC_contig_18347970.region001	JS_YC_bin_172	3.6653906185652207
ZJ_WZ_contig_23194131.region001	ZJ_WZ_bin_191	3.6629634535707587
SD_QD_contig_14416813.region001	SD_QD_bin_44	3.653423786336039
SD_QD_contig_6912869.region001	SD_QD_bin_44	3.644650902824294
GX_BH_contig_29824641.region001	GX_BH_bin_62	3.644087680239733
ZJ_WZ_contig_24971922.region001	ZJ_WZ_bin_227	3.642001787757348
FJ_XM_contig_32091600.region001	FJ_XM_bin_28	3.6403175691513225
GD_ZH_contig_10806400.region001	GD_ZH_bin_113	3.6363968772696587
SD_DY_contig_11174015.region001	SD_DY_bin_296	3.633200507623993
ZJ_NB_contig_17883562.region001	ZJ_NB_bin_61	3.62963234291488
ZJ_NB_contig_21688632.region001	ZJ_NB_bin_40	3.627975547072926
ZJ_WZ_contig_14331445.region001	ZJ_WZ_bin_125	3.6255450263238718
LN_DD_contig_11006128.region001	LN_DD_bin_163	3.62156191401303
GX_BH_contig_20205190.region001	GX_BH_bin_73	3.612223539801595
JS_LYG_contig_4273631.region001	JS_LYG_bin_142	3.61121346397351
JS_YC_contig_1735049.region001	JS_YC_bin_192	3.604004074065428
HN_SY_contig_21286057.region001	HN_SY_bin_24	3.60374068937687
LN_DD_contig_9803951.region001	LN_DD_bin_92	3.5988945832174446
SD_DY_contig_16237992.region001	SD_DY_bin_97	3.5912221857836246
JS_LYG_contig_7787198.region001	JS_LYG_bin_49	3.590915495779483
LN_DD_contig_5503133.region001	LN_DD_bin_18	3.577325876595358
SD_QD_contig_26962256.region001	SD_QD_bin_139	3.5734184289948896
GD_ZH_contig_5082637.region001	GD_ZH_bin_69	3.5712933638320354
JS_LYG_contig_7723093.region001	JS_LYG_bin_116	3.570623786024759
GD_ZH_contig_20981959.region001	GD_ZH_bin_21	3.5666648460804713
HN_SY_contig_1156246.region001	HN_SY_bin_124	3.5665370201830853
JS_LYG_contig_13307927.region001	JS_LYG_bin_65	3.566485498629732
SD_DY_contig_11901346.region001	SD_DY_bin_28	3.5626529751376657
SD_DY_contig_18057348.region001	SD_DY_bin_64	3.554083970081037
SD_QD_contig_27213996.region001	SD_QD_bin_86	3.5460514889199106
JS_YC_contig_2366589.region001	JS_YC_bin_17	3.5425803871201893
GD_ZH_contig_8128503.region001	GD_ZH_bin_147	3.5088215151386093
SD_DY_contig_3685787.region001	SD_DY_bin_248	3.499153990248932
ZJ_WZ_contig_7574250.region001	ZJ_WZ_bin_91	3.4920855375314117
GD_ZH_contig_11051248.region001	GD_ZH_bin_9	3.482250946075331
GX_BH_contig_10591095.region001	GX_BH_bin_74	3.4791651274666866
JS_YC_contig_6582269.region001	JS_YC_bin_62	3.475947627997297
GD_ST_contig_20315220.region001	GD_ST_bin_14	3.457800980255892
ZJ_WZ_contig_13472811.region001	ZJ_WZ_bin_219	3.4413170753961313
SD_QD_contig_12220853.region001	SD_QD_bin_256	3.429639383640038
JS_YC_contig_14295614.region001	JS_YC_bin_147	3.417945005252296
SD_DY_contig_9762380.region001	SD_DY_bin_353	3.400616388670713
JS_YC_contig_8474039.region001	JS_YC_bin_97	3.3978910378952762
FJ_XM_contig_32429716.region001	FJ_XM_bin_45	3.3335373899675687
HN_SY_contig_29673680.region001	HN_SY_bin_26	3.331796417450892
SD_DY_contig_774650.region001	SD_DY_bin_273	3.329725907025094
JS_LYG_contig_3671739.region001	JS_LYG_bin_94	3.322638155880565
GX_BH_contig_3800177.region001	GX_BH_bin_80	3.3220450312334577
ZJ_NB_contig_9980112.region001	ZJ_NB_bin_24	3.3129131861938403
FJ_XM_contig_16504324.region001	FJ_XM_bin_13	3.2996098942171628
FJ_XM_contig_14643173.region001	FJ_XM_bin_21	3.296628034330833
FJ_XM_contig_5614860.region001	FJ_XM_bin_21	3.2903957246163453
JS_LYG_contig_8893059.region001	JS_LYG_bin_54	3.2730406737333206
GD_ZH_contig_20448458.region001	GD_ZH_bin_51	3.2720330005946208
LN_DD_contig_3938320.region001	LN_DD_bin_55	3.262026401563914
LN_DD_contig_25583367.region001	LN_DD_bin_159	3.254425600046315
ZJ_WZ_contig_17762967.region001	ZJ_WZ_bin_175	3.2445737042784972
SD_DY_contig_15915849.region001	SD_DY_bin_454	3.2400374695086045
GD_ZH_contig_9330416.region001	GD_ZH_bin_202	3.233314206270073
SD_QD_contig_27727402.region001	SD_QD_bin_210	3.2301083502671553
JS_YC_contig_22671485.region001	JS_YC_bin_119	3.21814610678574
SD_QD_contig_2171827.region001	SD_QD_bin_186	3.2180114917582165
GD_ZH_contig_3646268.region001	GD_ZH_bin_203	3.187130606152307
SD_DY_contig_14656958.region001	SD_DY_bin_116	3.1798220524412892
FJ_XM_contig_7002625.region001	FJ_XM_bin_75	3.14588363149727
GD_ZH_contig_22740977.region001	GD_ZH_bin_196	3.143178281690004
GD_ST_contig_20937887.region001	GD_ST_bin_144	3.11707777455243
SD_QD_contig_26166321.region001	SD_QD_bin_210	3.1008620010463366
GD_ZH_contig_19077924.region001	GD_ZH_bin_258	3.0919630217761394
SD_DY_contig_21655770.region001	SD_DY_bin_5	3.06836252142098
LN_DD_contig_2636409.region001	LN_DD_bin_55	3.0616476473323555
LN_DD_contig_14823061.region001	LN_DD_bin_155	3.058183914308555
JS_LYG_contig_14949925.region001	JS_LYG_bin_116	3.0549114248517886
SD_DY_contig_743692.region001	SD_DY_bin_79	3.009814925635712
ZJ_WZ_contig_23860731.region001	ZJ_WZ_bin_115	2.975067313034396
HN_SY_contig_27828878.region001	HN_SY_bin_112	2.9740956174196875
ZJ_NB_contig_4585553.region001	ZJ_NB_bin_184	2.9695827867616593
GD_ST_contig_680348.region001	GD_ST_bin_33	2.9662377556596873
FJ_XM_contig_24558405.region001	FJ_XM_bin_72	2.941421435078093
HN_SY_contig_10671765.region001	HN_SY_bin_58	2.910790811489536
JS_LYG_contig_14434570.region001	JS_LYG_bin_89	2.907844300451293
GD_ST_contig_14122494.region001	GD_ST_bin_50	2.9072144227532855
GX_BH_contig_2003671.region001	GX_BH_bin_134	2.9059806607819065
HN_SY_contig_32710610.region001	HN_SY_bin_58	2.900555292039974
SD_DY_contig_23377154.region001	SD_DY_bin_168	2.892858978842802
HN_SY_contig_30840075.region001	HN_SY_bin_30	2.8875775418190552
SD_QD_contig_12902762.region001	SD_QD_bin_271	2.878468130884208
FJ_XM_contig_10132429.region001	FJ_XM_bin_114	2.874259429522112
ZJ_NB_contig_12427237.region001	ZJ_NB_bin_105	2.87289475913583
HN_SY_contig_22886643.region001	HN_SY_bin_73	2.8603806942071612
LN_DD_contig_9188250.region001	LN_DD_bin_155	2.8539665019027693
ZJ_WZ_contig_25346870.region001	ZJ_WZ_bin_205	2.8368618041535374
ZJ_WZ_contig_9798746.region001	ZJ_WZ_bin_210	2.823711603308555
ZJ_WZ_contig_21192752.region001	ZJ_WZ_bin_218	2.8145189560320865
LN_DD_contig_2931631.region001	LN_DD_bin_60	2.803508484843545
HN_SY_contig_2457843.region001	HN_SY_bin_117	2.784112338651034
SD_QD_contig_1779481.region001	SD_QD_bin_23	2.7669618792100406
HN_SY_contig_14027799.region001	HN_SY_bin_100	2.75344583445331
SD_QD_contig_24592380.region001	SD_QD_bin_155	2.7415927421534323
LN_DD_contig_7206098.region001	LN_DD_bin_89	2.7250568979495076
ZJ_WZ_contig_1147689.region001	ZJ_WZ_bin_81	2.7078830237766733
GD_ST_contig_7326682.region001	GD_ST_bin_175	2.692015383230622
ZJ_NB_contig_9590778.region001	ZJ_NB_bin_99	2.6890652819693903
FJ_XM_contig_21338594.region001	FJ_XM_bin_16	2.6329261805910864
FJ_XM_contig_3842960.region001	FJ_XM_bin_79	2.6317026838666204
FJ_XM_contig_35072142.region001	FJ_XM_bin_16	2.593091358124924
GD_ZH_contig_8452008.region001	GD_ZH_bin_227	2.572976380020145
HN_SY_contig_13549152.region001	HN_SY_bin_169	2.5608492007897175
GX_BH_contig_19604588.region001	GX_BH_bin_121	2.5515400257534817
LN_DD_contig_4516271.region001	LN_DD_bin_147	2.500220800607124
ZJ_NB_contig_13550806.region001	ZJ_NB_bin_99	2.4950587131661743
ZJ_NB_contig_11200412.region001	ZJ_NB_bin_99	2.4451870867059577
SD_QD_contig_8037598.region001	SD_QD_bin_91	2.429147706621899
HN_SY_contig_12577478.region001	HN_SY_bin_136	2.4240930465023713
LN_DD_contig_21844107.region001	LN_DD_bin_167	2.4219381760950074
SD_QD_contig_928358.region001	SD_QD_bin_282	2.318087868873691
LN_DD_contig_206161.region001	LN_DD_bin_31	2.258838084410801
HN_SY_contig_29577461.region001	HN_SY_bin_172	2.2488052156534346
LN_DD_contig_3259245.region001	LN_DD_bin_46	2.202698870074164
ZJ_WZ_contig_14999868.region001	ZJ_WZ_bin_81	2.192170662603703
JS_LYG_contig_6751442.region001	JS_LYG_bin_53	2.1468223022163375
ZJ_WZ_contig_8482232.region001	ZJ_WZ_bin_250	2.0631496857001186
LN_DD_contig_24390107.region001	LN_DD_bin_103	2.0528377423959974
LN_DD_contig_21849945.region001	LN_DD_bin_202	1.9714792211735286
LN_DD_contig_15659777.region001	LN_DD_bin_202	1.9576080178105484
JS_LYG_contig_5413384.region001	JS_LYG_bin_25	1.8365187710974158
